"Honeypot Attacks - Top 10","@timestamp per 12 hours"," "
Cowrie,"2025-04-22 00:00","-"
Cowrie,"2025-04-22 12:00","-"
Cowrie,"2025-04-23 00:00",6k
Cowrie,"2025-04-23 12:00",10k
Cowrie,"2025-04-24 00:00",8k
Cowrie,"2025-04-24 12:00",7k
Cowrie,"2025-04-25 00:00",9k
Cowrie,"2025-04-25 12:00",13k
Cowrie,"2025-04-26 00:00",12k
Cowrie,"2025-04-26 12:00",8k
Cowrie,"2025-04-27 00:00",11k
Cowrie,"2025-04-27 12:00",9k
Cowrie,"2025-04-28 00:00",12k
Cowrie,"2025-04-28 12:00",10k
Cowrie,"2025-04-29 00:00",42k
Cowrie,"2025-04-29 12:00",9k
Cowrie,"2025-04-30 00:00",14k
Cowrie,"2025-04-30 12:00",9k
Cowrie,"2025-05-01 00:00",7k
Cowrie,"2025-05-01 12:00",6k
Cowrie,"2025-05-02 00:00",11k
Cowrie,"2025-05-02 12:00",9k
Cowrie,"2025-05-03 00:00",7k
Cowrie,"2025-05-03 12:00",13k
Cowrie,"2025-05-04 00:00",12k
Cowrie,"2025-05-04 12:00",10k
Cowrie,"2025-05-05 00:00",9k
Cowrie,"2025-05-05 12:00",13k
Cowrie,"2025-05-06 00:00",9k
Cowrie,"2025-05-06 12:00",13k
Cowrie,"2025-05-07 00:00",12k
Cowrie,"2025-05-07 12:00",11k
Cowrie,"2025-05-08 00:00",12k
Cowrie,"2025-05-08 12:00",14k
Cowrie,"2025-05-09 00:00",11k
Cowrie,"2025-05-09 12:00",8k
Cowrie,"2025-05-10 00:00",8k
Cowrie,"2025-05-10 12:00",8k
Cowrie,"2025-05-11 00:00",10k
Cowrie,"2025-05-11 12:00",7k
Cowrie,"2025-05-12 00:00",12k
Cowrie,"2025-05-12 12:00",5k
Cowrie,"2025-05-13 00:00",13k
Cowrie,"2025-05-13 12:00",11k
Cowrie,"2025-05-14 00:00",6k
Cowrie,"2025-05-14 12:00",9k
Cowrie,"2025-05-15 00:00",11k
Cowrie,"2025-05-15 12:00",11k
Cowrie,"2025-05-16 00:00",9k
Cowrie,"2025-05-16 12:00",10k
Cowrie,"2025-05-17 00:00",8k
Cowrie,"2025-05-17 12:00",6k
Cowrie,"2025-05-18 00:00",35k
Cowrie,"2025-05-18 12:00",238k
Cowrie,"2025-05-19 00:00",117k
Cowrie,"2025-05-19 12:00",5k
Cowrie,"2025-05-20 00:00",7k
Cowrie,"2025-05-20 12:00",8k
Cowrie,"2025-05-21 00:00",4k
Cowrie,"2025-05-21 12:00",3k
Cowrie,"2025-05-22 00:00",6k
Honeytrap,"2025-04-22 00:00","-"
Honeytrap,"2025-04-22 12:00","-"
Honeytrap,"2025-04-23 00:00",5k
Honeytrap,"2025-04-23 12:00",13k
Honeytrap,"2025-04-24 00:00",14k
Honeytrap,"2025-04-24 12:00",12k
Honeytrap,"2025-04-25 00:00",14k
Honeytrap,"2025-04-25 12:00",13k
Honeytrap,"2025-04-26 00:00",12k
Honeytrap,"2025-04-26 12:00",12k
Honeytrap,"2025-04-27 00:00",13k
Honeytrap,"2025-04-27 12:00",11k
Honeytrap,"2025-04-28 00:00",17k
Honeytrap,"2025-04-28 12:00",33k
Honeytrap,"2025-04-29 00:00",11k
Honeytrap,"2025-04-29 12:00",14k
Honeytrap,"2025-04-30 00:00",12k
Honeytrap,"2025-04-30 12:00",10k
Honeytrap,"2025-05-01 00:00",15k
Honeytrap,"2025-05-01 12:00",14k
Honeytrap,"2025-05-02 00:00",11k
Honeytrap,"2025-05-02 12:00","-"
Honeytrap,"2025-05-03 00:00",3k
Honeytrap,"2025-05-03 12:00",12k
Honeytrap,"2025-05-04 00:00",12k
Honeytrap,"2025-05-04 12:00",12k
Honeytrap,"2025-05-05 00:00",12k
Honeytrap,"2025-05-05 12:00",11k
Honeytrap,"2025-05-06 00:00",10k
Honeytrap,"2025-05-06 12:00",9k
Honeytrap,"2025-05-07 00:00",9k
Honeytrap,"2025-05-07 12:00",8k
Honeytrap,"2025-05-08 00:00",10k
Honeytrap,"2025-05-08 12:00",10k
Honeytrap,"2025-05-09 00:00",10k
Honeytrap,"2025-05-09 12:00",8k
Honeytrap,"2025-05-10 00:00",10k
Honeytrap,"2025-05-10 12:00",11k
Honeytrap,"2025-05-11 00:00",11k
Honeytrap,"2025-05-11 12:00",13k
Honeytrap,"2025-05-12 00:00",14k
Honeytrap,"2025-05-12 12:00",103k
Honeytrap,"2025-05-13 00:00",34k
Honeytrap,"2025-05-13 12:00",14k
Honeytrap,"2025-05-14 00:00",14k
Honeytrap,"2025-05-14 12:00",12k
Honeytrap,"2025-05-15 00:00",12k
Honeytrap,"2025-05-15 12:00",12k
Honeytrap,"2025-05-16 00:00",14k
Honeytrap,"2025-05-16 12:00",15k
Honeytrap,"2025-05-17 00:00",10k
Honeytrap,"2025-05-17 12:00",16k
Honeytrap,"2025-05-18 00:00",18k
Honeytrap,"2025-05-18 12:00",17k
Honeytrap,"2025-05-19 00:00",9k
Honeytrap,"2025-05-19 12:00",9k
Honeytrap,"2025-05-20 00:00",10k
Honeytrap,"2025-05-20 12:00",21k
Honeytrap,"2025-05-21 00:00",27k
Honeytrap,"2025-05-21 12:00",10k
Honeytrap,"2025-05-22 00:00",8k
Sentrypeer,"2025-04-22 00:00","-"
Sentrypeer,"2025-04-22 12:00","-"
Sentrypeer,"2025-04-23 00:00",76
Sentrypeer,"2025-04-23 12:00",275
Sentrypeer,"2025-04-24 00:00",11k
Sentrypeer,"2025-04-24 12:00",253
Sentrypeer,"2025-04-25 00:00",33
Sentrypeer,"2025-04-25 12:00",25
Sentrypeer,"2025-04-26 00:00",13k
Sentrypeer,"2025-04-26 12:00",197
Sentrypeer,"2025-04-27 00:00",24k
Sentrypeer,"2025-04-27 12:00",493
Sentrypeer,"2025-04-28 00:00",49
Sentrypeer,"2025-04-28 12:00",38
Sentrypeer,"2025-04-29 00:00",37
Sentrypeer,"2025-04-29 12:00",33k
Sentrypeer,"2025-04-30 00:00",209
Sentrypeer,"2025-04-30 12:00",76
Sentrypeer,"2025-05-01 00:00",134
Sentrypeer,"2025-05-01 12:00",89
Sentrypeer,"2025-05-02 00:00",71
Sentrypeer,"2025-05-02 12:00",75
Sentrypeer,"2025-05-03 00:00",142
Sentrypeer,"2025-05-03 12:00",137
Sentrypeer,"2025-05-04 00:00",185
Sentrypeer,"2025-05-04 12:00",54
Sentrypeer,"2025-05-05 00:00",81
Sentrypeer,"2025-05-05 12:00",83
Sentrypeer,"2025-05-06 00:00",201
Sentrypeer,"2025-05-06 12:00",225
Sentrypeer,"2025-05-07 00:00",290
Sentrypeer,"2025-05-07 12:00",340
Sentrypeer,"2025-05-08 00:00",13k
Sentrypeer,"2025-05-08 12:00",653
Sentrypeer,"2025-05-09 00:00",25k
Sentrypeer,"2025-05-09 12:00",607
Sentrypeer,"2025-05-10 00:00",680
Sentrypeer,"2025-05-10 12:00",602
Sentrypeer,"2025-05-11 00:00",839
Sentrypeer,"2025-05-11 12:00",53k
Sentrypeer,"2025-05-12 00:00",62k
Sentrypeer,"2025-05-12 12:00",31k
Sentrypeer,"2025-05-13 00:00",510
Sentrypeer,"2025-05-13 12:00",301
Sentrypeer,"2025-05-14 00:00",323
Sentrypeer,"2025-05-14 12:00",28k
Sentrypeer,"2025-05-15 00:00",32k
Sentrypeer,"2025-05-15 12:00",87
Sentrypeer,"2025-05-16 00:00",142
Sentrypeer,"2025-05-16 12:00",27k
Sentrypeer,"2025-05-17 00:00",90
Sentrypeer,"2025-05-17 12:00",32
Sentrypeer,"2025-05-18 00:00",225
Sentrypeer,"2025-05-18 12:00",66
Sentrypeer,"2025-05-19 00:00",32k
Sentrypeer,"2025-05-19 12:00",165
Sentrypeer,"2025-05-20 00:00",53
Sentrypeer,"2025-05-20 12:00",6k
Sentrypeer,"2025-05-21 00:00",31k
Sentrypeer,"2025-05-21 12:00",478
Sentrypeer,"2025-05-22 00:00",631
Heralding,"2025-04-22 00:00","-"
Heralding,"2025-04-22 12:00","-"
Heralding,"2025-04-23 00:00",168
Heralding,"2025-04-23 12:00",505
Heralding,"2025-04-24 00:00",972
Heralding,"2025-04-24 12:00",556
Heralding,"2025-04-25 00:00",701
Heralding,"2025-04-25 12:00",25
Heralding,"2025-04-26 00:00",9
Heralding,"2025-04-26 12:00",451
Heralding,"2025-04-27 00:00","-"
Heralding,"2025-04-27 12:00","-"
Heralding,"2025-04-28 00:00",180
Heralding,"2025-04-28 12:00",227
Heralding,"2025-04-29 00:00",495
Heralding,"2025-04-29 12:00",545
Heralding,"2025-04-30 00:00",563
Heralding,"2025-04-30 12:00",528
Heralding,"2025-05-01 00:00",424
Heralding,"2025-05-01 12:00",4
Heralding,"2025-05-02 00:00",15
Heralding,"2025-05-02 12:00",220
Heralding,"2025-05-03 00:00",18
Heralding,"2025-05-03 12:00",722
Heralding,"2025-05-04 00:00",54
Heralding,"2025-05-04 12:00",1k
Heralding,"2025-05-05 00:00",3
Heralding,"2025-05-05 12:00",2k
Heralding,"2025-05-06 00:00",19
Heralding,"2025-05-06 12:00",8k
Heralding,"2025-05-07 00:00",1k
Heralding,"2025-05-07 12:00",1k
Heralding,"2025-05-08 00:00",12k
Heralding,"2025-05-08 12:00",33
Heralding,"2025-05-09 00:00",711
Heralding,"2025-05-09 12:00",9k
Heralding,"2025-05-10 00:00",3k
Heralding,"2025-05-10 12:00",2k
Heralding,"2025-05-11 00:00",13k
Heralding,"2025-05-11 12:00",2k
Heralding,"2025-05-12 00:00",5k
Heralding,"2025-05-12 12:00",6k
Heralding,"2025-05-13 00:00",6k
Heralding,"2025-05-13 12:00",4k
Heralding,"2025-05-14 00:00",5k
Heralding,"2025-05-14 12:00",3k
Heralding,"2025-05-15 00:00",7k
Heralding,"2025-05-15 12:00",4k
Heralding,"2025-05-16 00:00",11k
Heralding,"2025-05-16 12:00",4k
Heralding,"2025-05-17 00:00",4k
Heralding,"2025-05-17 12:00",5k
Heralding,"2025-05-18 00:00",9k
Heralding,"2025-05-18 12:00",5k
Heralding,"2025-05-19 00:00",4k
Heralding,"2025-05-19 12:00",4k
Heralding,"2025-05-20 00:00",10k
Heralding,"2025-05-20 12:00",2k
Heralding,"2025-05-21 00:00",8k
Heralding,"2025-05-21 12:00",7k
Heralding,"2025-05-22 00:00",2k
Ciscoasa,"2025-04-22 00:00","-"
Ciscoasa,"2025-04-22 12:00","-"
Ciscoasa,"2025-04-23 00:00",1k
Ciscoasa,"2025-04-23 12:00",4k
Ciscoasa,"2025-04-24 00:00",3k
Ciscoasa,"2025-04-24 12:00",4k
Ciscoasa,"2025-04-25 00:00",3k
Ciscoasa,"2025-04-25 12:00",3k
Ciscoasa,"2025-04-26 00:00",1k
Ciscoasa,"2025-04-26 12:00",49
Ciscoasa,"2025-04-27 00:00",25
Ciscoasa,"2025-04-27 12:00",107
Ciscoasa,"2025-04-28 00:00",174
Ciscoasa,"2025-04-28 12:00",113
Ciscoasa,"2025-04-29 00:00",63
Ciscoasa,"2025-04-29 12:00",17
Ciscoasa,"2025-04-30 00:00",51
Ciscoasa,"2025-04-30 12:00",15
Ciscoasa,"2025-05-01 00:00",32
Ciscoasa,"2025-05-01 12:00",62
Ciscoasa,"2025-05-02 00:00",17
Ciscoasa,"2025-05-02 12:00",146
Ciscoasa,"2025-05-03 00:00",183
Ciscoasa,"2025-05-03 12:00",138
Ciscoasa,"2025-05-04 00:00",495
Ciscoasa,"2025-05-04 12:00",446
Ciscoasa,"2025-05-05 00:00",221
Ciscoasa,"2025-05-05 12:00",743
Ciscoasa,"2025-05-06 00:00",459
Ciscoasa,"2025-05-06 12:00",309
Ciscoasa,"2025-05-07 00:00",278
Ciscoasa,"2025-05-07 12:00",234
Ciscoasa,"2025-05-08 00:00",451
Ciscoasa,"2025-05-08 12:00",341
Ciscoasa,"2025-05-09 00:00",3k
Ciscoasa,"2025-05-09 12:00",3k
Ciscoasa,"2025-05-10 00:00",3k
Ciscoasa,"2025-05-10 12:00",4k
Ciscoasa,"2025-05-11 00:00",4k
Ciscoasa,"2025-05-11 12:00",4k
Ciscoasa,"2025-05-12 00:00",5k
Ciscoasa,"2025-05-12 12:00",5k
Ciscoasa,"2025-05-13 00:00",5k
Ciscoasa,"2025-05-13 12:00",5k
Ciscoasa,"2025-05-14 00:00",5k
Ciscoasa,"2025-05-14 12:00",5k
Ciscoasa,"2025-05-15 00:00",5k
Ciscoasa,"2025-05-15 12:00",5k
Ciscoasa,"2025-05-16 00:00",5k
Ciscoasa,"2025-05-16 12:00",5k
Ciscoasa,"2025-05-17 00:00",5k
Ciscoasa,"2025-05-17 12:00",4k
Ciscoasa,"2025-05-18 00:00",5k
Ciscoasa,"2025-05-18 12:00",6k
Ciscoasa,"2025-05-19 00:00",6k
Ciscoasa,"2025-05-19 12:00",5k
Ciscoasa,"2025-05-20 00:00",5k
Ciscoasa,"2025-05-20 12:00",4k
Ciscoasa,"2025-05-21 00:00",548
Ciscoasa,"2025-05-21 12:00",317
Ciscoasa,"2025-05-22 00:00",345
Dionaea,"2025-04-22 00:00","-"
Dionaea,"2025-04-22 12:00","-"
Dionaea,"2025-04-23 00:00",2k
Dionaea,"2025-04-23 12:00",5k
Dionaea,"2025-04-24 00:00",221
Dionaea,"2025-04-24 12:00",3k
Dionaea,"2025-04-25 00:00",337
Dionaea,"2025-04-25 12:00",4k
Dionaea,"2025-04-26 00:00",187
Dionaea,"2025-04-26 12:00",194
Dionaea,"2025-04-27 00:00",215
Dionaea,"2025-04-27 12:00",5k
Dionaea,"2025-04-28 00:00",361
Dionaea,"2025-04-28 12:00",957
Dionaea,"2025-04-29 00:00",200
Dionaea,"2025-04-29 12:00",676
Dionaea,"2025-04-30 00:00",217
Dionaea,"2025-04-30 12:00",281
Dionaea,"2025-05-01 00:00",799
Dionaea,"2025-05-01 12:00",1k
Dionaea,"2025-05-02 00:00",231
Dionaea,"2025-05-02 12:00",245
Dionaea,"2025-05-03 00:00",3k
Dionaea,"2025-05-03 12:00",254
Dionaea,"2025-05-04 00:00",11k
Dionaea,"2025-05-04 12:00",210
Dionaea,"2025-05-05 00:00",365
Dionaea,"2025-05-05 12:00",212
Dionaea,"2025-05-06 00:00",798
Dionaea,"2025-05-06 12:00",3k
Dionaea,"2025-05-07 00:00",2k
Dionaea,"2025-05-07 12:00",985
Dionaea,"2025-05-08 00:00",196
Dionaea,"2025-05-08 12:00",4k
Dionaea,"2025-05-09 00:00",347
Dionaea,"2025-05-09 12:00",315
Dionaea,"2025-05-10 00:00",4k
Dionaea,"2025-05-10 12:00",3k
Dionaea,"2025-05-11 00:00",197
Dionaea,"2025-05-11 12:00",11k
Dionaea,"2025-05-12 00:00",294
Dionaea,"2025-05-12 12:00",1k
Dionaea,"2025-05-13 00:00",274
Dionaea,"2025-05-13 12:00",751
Dionaea,"2025-05-14 00:00",8k
Dionaea,"2025-05-14 12:00",3k
Dionaea,"2025-05-15 00:00",5k
Dionaea,"2025-05-15 12:00",1k
Dionaea,"2025-05-16 00:00",6k
Dionaea,"2025-05-16 12:00",5k
Dionaea,"2025-05-17 00:00",181
Dionaea,"2025-05-17 12:00",2k
Dionaea,"2025-05-18 00:00",4k
Dionaea,"2025-05-18 12:00",267
Dionaea,"2025-05-19 00:00",253
Dionaea,"2025-05-19 12:00",225
Dionaea,"2025-05-20 00:00",303
Dionaea,"2025-05-20 12:00",215
Dionaea,"2025-05-21 00:00",289
Dionaea,"2025-05-21 12:00",827
Dionaea,"2025-05-22 00:00",274
Tanner,"2025-04-22 00:00","-"
Tanner,"2025-04-22 12:00","-"
Tanner,"2025-04-23 00:00",24
Tanner,"2025-04-23 12:00",601
Tanner,"2025-04-24 00:00",2k
Tanner,"2025-04-24 12:00",2k
Tanner,"2025-04-25 00:00",2k
Tanner,"2025-04-25 12:00",1k
Tanner,"2025-04-26 00:00",230
Tanner,"2025-04-26 12:00",206
Tanner,"2025-04-27 00:00",183
Tanner,"2025-04-27 12:00",171
Tanner,"2025-04-28 00:00",116
Tanner,"2025-04-28 12:00",220
Tanner,"2025-04-29 00:00",105
Tanner,"2025-04-29 12:00",202
Tanner,"2025-04-30 00:00",270
Tanner,"2025-04-30 12:00",102
Tanner,"2025-05-01 00:00",177
Tanner,"2025-05-01 12:00",187
Tanner,"2025-05-02 00:00",133
Tanner,"2025-05-02 12:00",182
Tanner,"2025-05-03 00:00",313
Tanner,"2025-05-03 12:00",168
Tanner,"2025-05-04 00:00",186
Tanner,"2025-05-04 12:00",290
Tanner,"2025-05-05 00:00",101
Tanner,"2025-05-05 12:00",126
Tanner,"2025-05-06 00:00",3k
Tanner,"2025-05-06 12:00",285
Tanner,"2025-05-07 00:00",114
Tanner,"2025-05-07 12:00",137
Tanner,"2025-05-08 00:00",94
Tanner,"2025-05-08 12:00",161
Tanner,"2025-05-09 00:00",171
Tanner,"2025-05-09 12:00",315
Tanner,"2025-05-10 00:00",137
Tanner,"2025-05-10 12:00",150
Tanner,"2025-05-11 00:00",90
Tanner,"2025-05-11 12:00",253
Tanner,"2025-05-12 00:00",159
Tanner,"2025-05-12 12:00",181
Tanner,"2025-05-13 00:00",186
Tanner,"2025-05-13 12:00",226
Tanner,"2025-05-14 00:00",217
Tanner,"2025-05-14 12:00",129
Tanner,"2025-05-15 00:00",83
Tanner,"2025-05-15 12:00",227
Tanner,"2025-05-16 00:00",179
Tanner,"2025-05-16 12:00",194
Tanner,"2025-05-17 00:00",260
Tanner,"2025-05-17 12:00",176
Tanner,"2025-05-18 00:00",200
Tanner,"2025-05-18 12:00",129
Tanner,"2025-05-19 00:00",181
Tanner,"2025-05-19 12:00",151
Tanner,"2025-05-20 00:00",248
Tanner,"2025-05-20 12:00",308
Tanner,"2025-05-21 00:00",238
Tanner,"2025-05-21 12:00",214
Tanner,"2025-05-22 00:00",88
H0neytr4p,"2025-04-22 00:00","-"
H0neytr4p,"2025-04-22 12:00","-"
H0neytr4p,"2025-04-23 00:00",21
H0neytr4p,"2025-04-23 12:00",411
H0neytr4p,"2025-04-24 00:00",2k
H0neytr4p,"2025-04-24 12:00",2k
H0neytr4p,"2025-04-25 00:00",2k
H0neytr4p,"2025-04-25 12:00",952
H0neytr4p,"2025-04-26 00:00",63
H0neytr4p,"2025-04-26 12:00",140
H0neytr4p,"2025-04-27 00:00",161
H0neytr4p,"2025-04-27 12:00",142
H0neytr4p,"2025-04-28 00:00",183
H0neytr4p,"2025-04-28 12:00",46
H0neytr4p,"2025-04-29 00:00",51
H0neytr4p,"2025-04-29 12:00",107
H0neytr4p,"2025-04-30 00:00",147
H0neytr4p,"2025-04-30 12:00",206
H0neytr4p,"2025-05-01 00:00",58
H0neytr4p,"2025-05-01 12:00",170
H0neytr4p,"2025-05-02 00:00",95
H0neytr4p,"2025-05-02 12:00",96
H0neytr4p,"2025-05-03 00:00",95
H0neytr4p,"2025-05-03 12:00",49
H0neytr4p,"2025-05-04 00:00",105
H0neytr4p,"2025-05-04 12:00",140
H0neytr4p,"2025-05-05 00:00",52
H0neytr4p,"2025-05-05 12:00",161
H0neytr4p,"2025-05-06 00:00",117
H0neytr4p,"2025-05-06 12:00",242
H0neytr4p,"2025-05-07 00:00",161
H0neytr4p,"2025-05-07 12:00",254
H0neytr4p,"2025-05-08 00:00",76
H0neytr4p,"2025-05-08 12:00",218
H0neytr4p,"2025-05-09 00:00",201
H0neytr4p,"2025-05-09 12:00",61
H0neytr4p,"2025-05-10 00:00",81
H0neytr4p,"2025-05-10 12:00",110
H0neytr4p,"2025-05-11 00:00",88
H0neytr4p,"2025-05-11 12:00",59
H0neytr4p,"2025-05-12 00:00",101
H0neytr4p,"2025-05-12 12:00",54
H0neytr4p,"2025-05-13 00:00",93
H0neytr4p,"2025-05-13 12:00",163
H0neytr4p,"2025-05-14 00:00",138
H0neytr4p,"2025-05-14 12:00",50
H0neytr4p,"2025-05-15 00:00",96
H0neytr4p,"2025-05-15 12:00",244
H0neytr4p,"2025-05-16 00:00",227
H0neytr4p,"2025-05-16 12:00",57
H0neytr4p,"2025-05-17 00:00",53
H0neytr4p,"2025-05-17 12:00",152
H0neytr4p,"2025-05-18 00:00",96
H0neytr4p,"2025-05-18 12:00",78
H0neytr4p,"2025-05-19 00:00",163
H0neytr4p,"2025-05-19 12:00",76
H0neytr4p,"2025-05-20 00:00",84
H0neytr4p,"2025-05-20 12:00",125
H0neytr4p,"2025-05-21 00:00",256
H0neytr4p,"2025-05-21 12:00",265
H0neytr4p,"2025-05-22 00:00",184
Adbhoney,"2025-04-22 00:00","-"
Adbhoney,"2025-04-22 12:00","-"
Adbhoney,"2025-04-23 00:00",37
Adbhoney,"2025-04-23 12:00",216
Adbhoney,"2025-04-24 00:00",236
Adbhoney,"2025-04-24 12:00",205
Adbhoney,"2025-04-25 00:00",189
Adbhoney,"2025-04-25 12:00",204
Adbhoney,"2025-04-26 00:00",154
Adbhoney,"2025-04-26 12:00",229
Adbhoney,"2025-04-27 00:00",273
Adbhoney,"2025-04-27 12:00",214
Adbhoney,"2025-04-28 00:00",210
Adbhoney,"2025-04-28 12:00",196
Adbhoney,"2025-04-29 00:00",173
Adbhoney,"2025-04-29 12:00",226
Adbhoney,"2025-04-30 00:00",195
Adbhoney,"2025-04-30 12:00",223
Adbhoney,"2025-05-01 00:00",160
Adbhoney,"2025-05-01 12:00",217
Adbhoney,"2025-05-02 00:00",123
Adbhoney,"2025-05-02 12:00",125
Adbhoney,"2025-05-03 00:00",132
Adbhoney,"2025-05-03 12:00",122
Adbhoney,"2025-05-04 00:00",168
Adbhoney,"2025-05-04 12:00",129
Adbhoney,"2025-05-05 00:00",133
Adbhoney,"2025-05-05 12:00",159
Adbhoney,"2025-05-06 00:00",117
Adbhoney,"2025-05-06 12:00",208
Adbhoney,"2025-05-07 00:00",207
Adbhoney,"2025-05-07 12:00",253
Adbhoney,"2025-05-08 00:00",249
Adbhoney,"2025-05-08 12:00",205
Adbhoney,"2025-05-09 00:00",225
Adbhoney,"2025-05-09 12:00",314
Adbhoney,"2025-05-10 00:00",238
Adbhoney,"2025-05-10 12:00",330
Adbhoney,"2025-05-11 00:00",319
Adbhoney,"2025-05-11 12:00",283
Adbhoney,"2025-05-12 00:00",297
Adbhoney,"2025-05-12 12:00",232
Adbhoney,"2025-05-13 00:00",229
Adbhoney,"2025-05-13 12:00",294
Adbhoney,"2025-05-14 00:00",206
Adbhoney,"2025-05-14 12:00",281
Adbhoney,"2025-05-15 00:00",267
Adbhoney,"2025-05-15 12:00",320
Adbhoney,"2025-05-16 00:00",242
Adbhoney,"2025-05-16 12:00",268
Adbhoney,"2025-05-17 00:00",243
Adbhoney,"2025-05-17 12:00",193
Adbhoney,"2025-05-18 00:00",185
Adbhoney,"2025-05-18 12:00",238
Adbhoney,"2025-05-19 00:00",207
Adbhoney,"2025-05-19 12:00",255
Adbhoney,"2025-05-20 00:00",288
Adbhoney,"2025-05-20 12:00",224
Adbhoney,"2025-05-21 00:00",243
Adbhoney,"2025-05-21 12:00",214
Adbhoney,"2025-05-22 00:00",211
Redishoneypot,"2025-04-22 00:00","-"
Redishoneypot,"2025-04-22 12:00","-"
Redishoneypot,"2025-04-23 00:00",5
Redishoneypot,"2025-04-23 12:00",26
Redishoneypot,"2025-04-24 00:00",238
Redishoneypot,"2025-04-24 12:00",59
Redishoneypot,"2025-04-25 00:00",82
Redishoneypot,"2025-04-25 12:00",51
Redishoneypot,"2025-04-26 00:00",84
Redishoneypot,"2025-04-26 12:00",57
Redishoneypot,"2025-04-27 00:00",53
Redishoneypot,"2025-04-27 12:00",60
Redishoneypot,"2025-04-28 00:00",26
Redishoneypot,"2025-04-28 12:00",566
Redishoneypot,"2025-04-29 00:00",71
Redishoneypot,"2025-04-29 12:00",93
Redishoneypot,"2025-04-30 00:00",37
Redishoneypot,"2025-04-30 12:00",69
Redishoneypot,"2025-05-01 00:00",22
Redishoneypot,"2025-05-01 12:00",26
Redishoneypot,"2025-05-02 00:00",92
Redishoneypot,"2025-05-02 12:00",70
Redishoneypot,"2025-05-03 00:00",18
Redishoneypot,"2025-05-03 12:00",38
Redishoneypot,"2025-05-04 00:00",14
Redishoneypot,"2025-05-04 12:00",102
Redishoneypot,"2025-05-05 00:00",25
Redishoneypot,"2025-05-05 12:00",57
Redishoneypot,"2025-05-06 00:00",26
Redishoneypot,"2025-05-06 12:00",32
Redishoneypot,"2025-05-07 00:00",44
Redishoneypot,"2025-05-07 12:00",95
Redishoneypot,"2025-05-08 00:00",47
Redishoneypot,"2025-05-08 12:00",96
Redishoneypot,"2025-05-09 00:00",73
Redishoneypot,"2025-05-09 12:00",61
Redishoneypot,"2025-05-10 00:00",39
Redishoneypot,"2025-05-10 12:00",53
Redishoneypot,"2025-05-11 00:00",25
Redishoneypot,"2025-05-11 12:00",72
Redishoneypot,"2025-05-12 00:00",41
Redishoneypot,"2025-05-12 12:00",42
Redishoneypot,"2025-05-13 00:00",24
Redishoneypot,"2025-05-13 12:00",42
Redishoneypot,"2025-05-14 00:00",52
Redishoneypot,"2025-05-14 12:00",15
Redishoneypot,"2025-05-15 00:00",39
Redishoneypot,"2025-05-15 12:00",25
Redishoneypot,"2025-05-16 00:00",26
Redishoneypot,"2025-05-16 12:00",52
Redishoneypot,"2025-05-17 00:00",5k
Redishoneypot,"2025-05-17 12:00",56
Redishoneypot,"2025-05-18 00:00",51
Redishoneypot,"2025-05-18 12:00",36
Redishoneypot,"2025-05-19 00:00",76
Redishoneypot,"2025-05-19 12:00",143
Redishoneypot,"2025-05-20 00:00",107
Redishoneypot,"2025-05-20 12:00",152
Redishoneypot,"2025-05-21 00:00",39
Redishoneypot,"2025-05-21 12:00",22
Redishoneypot,"2025-05-22 00:00",41
