"geoip.country_name.keyword: Descending","Timestamp per 12 hours",Attacks
"United States","2025-04-23 00:00","3,797"
"United States","2025-04-23 12:00","8,851"
"United States","2025-04-24 00:00","8,820"
"United States","2025-04-24 12:00","9,800"
"United States","2025-04-25 00:00","8,111"
"United States","2025-04-25 12:00","7,022"
"United States","2025-04-26 00:00","8,064"
"United States","2025-04-26 12:00","8,914"
"United States","2025-04-27 00:00","8,856"
"United States","2025-04-27 12:00","8,123"
"United States","2025-04-28 00:00","7,850"
"United States","2025-04-28 12:00","10,655"
"United States","2025-04-29 00:00","9,575"
"United States","2025-04-29 12:00","8,395"
"United States","2025-04-30 00:00","7,714"
"United States","2025-04-30 12:00","7,933"
"United States","2025-05-01 00:00","9,852"
"United States","2025-05-01 12:00","9,367"
"United States","2025-05-02 00:00","9,315"
"United States","2025-05-02 12:00","7,311"
"United States","2025-05-03 00:00","8,818"
"United States","2025-05-03 12:00","9,343"
"United States","2025-05-04 00:00","8,386"
"United States","2025-05-04 12:00","8,159"
"United States","2025-05-05 00:00","8,234"
"United States","2025-05-05 12:00","7,577"
"United States","2025-05-06 00:00","8,953"
"United States","2025-05-06 12:00","21,854"
"United States","2025-05-07 00:00","8,022"
"United States","2025-05-07 12:00","7,429"
"United States","2025-05-08 00:00","11,703"
"United States","2025-05-08 12:00","7,248"
"United States","2025-05-09 00:00","9,542"
"United States","2025-05-09 12:00","8,450"
"United States","2025-05-10 00:00","8,944"
"United States","2025-05-10 12:00","10,423"
"United States","2025-05-11 00:00","9,239"
"United States","2025-05-11 12:00","8,693"
"United States","2025-05-12 00:00","9,932"
"United States","2025-05-12 12:00","8,909"
"United States","2025-05-13 00:00","7,892"
"United States","2025-05-13 12:00","6,668"
"United States","2025-05-14 00:00","8,700"
"United States","2025-05-14 12:00","8,465"
"United States","2025-05-15 00:00","14,507"
"United States","2025-05-15 12:00","8,666"
"United States","2025-05-16 00:00","7,645"
"United States","2025-05-16 12:00","7,272"
"United States","2025-05-17 00:00","8,824"
"United States","2025-05-17 12:00","8,197"
"United States","2025-05-18 00:00","8,143"
"United States","2025-05-18 12:00","8,237"
"United States","2025-05-19 00:00","7,213"
"United States","2025-05-19 12:00","8,358"
"United States","2025-05-20 00:00","7,824"
"United States","2025-05-20 12:00","27,021"
"United States","2025-05-21 00:00","17,365"
"United States","2025-05-21 12:00","13,222"
Romania,"2025-04-23 00:00",240
Romania,"2025-04-23 12:00","3,809"
Romania,"2025-04-24 00:00","28,185"
Romania,"2025-04-24 12:00",342
Romania,"2025-04-25 00:00",459
Romania,"2025-04-25 12:00",273
Romania,"2025-04-26 00:00","24,079"
Romania,"2025-04-26 12:00",735
Romania,"2025-04-27 00:00","32,937"
Romania,"2025-04-27 12:00",354
Romania,"2025-04-28 00:00",205
Romania,"2025-04-28 12:00",280
Romania,"2025-04-29 00:00","22,004"
Romania,"2025-04-29 12:00",372
Romania,"2025-04-30 00:00",141
Romania,"2025-04-30 12:00",202
Romania,"2025-05-01 00:00",198
Romania,"2025-05-01 12:00",413
Romania,"2025-05-02 00:00",275
Romania,"2025-05-02 12:00",163
Romania,"2025-05-03 00:00",227
Romania,"2025-05-03 12:00",223
Romania,"2025-05-04 00:00",275
Romania,"2025-05-04 12:00",664
Romania,"2025-05-05 00:00",307
Romania,"2025-05-05 12:00",358
Romania,"2025-05-06 00:00",919
Romania,"2025-05-06 12:00",820
Romania,"2025-05-07 00:00",837
Romania,"2025-05-07 12:00",581
Romania,"2025-05-08 00:00","14,342"
Romania,"2025-05-08 12:00",332
Romania,"2025-05-09 00:00","40,404"
Romania,"2025-05-09 12:00",318
Romania,"2025-05-10 00:00","39,508"
Romania,"2025-05-10 12:00",52
Romania,"2025-05-11 00:00",399
Romania,"2025-05-11 12:00","48,078"
Romania,"2025-05-12 00:00","39,307"
Romania,"2025-05-12 12:00",479
Romania,"2025-05-13 00:00",875
Romania,"2025-05-13 12:00",478
Romania,"2025-05-14 00:00",360
Romania,"2025-05-14 12:00",570
Romania,"2025-05-15 00:00","27,916"
Romania,"2025-05-15 12:00",366
Romania,"2025-05-16 00:00","34,568"
Romania,"2025-05-16 12:00",753
Romania,"2025-05-17 00:00",920
Romania,"2025-05-17 12:00",366
Romania,"2025-05-18 00:00",816
Romania,"2025-05-18 12:00",557
Romania,"2025-05-19 00:00","22,964"
Romania,"2025-05-19 12:00",585
Romania,"2025-05-20 00:00",292
Romania,"2025-05-20 12:00",129
Romania,"2025-05-21 00:00","27,969"
Romania,"2025-05-21 12:00",244
France,"2025-04-23 00:00",326
France,"2025-04-23 12:00",618
France,"2025-04-24 00:00",384
France,"2025-04-24 12:00",394
France,"2025-04-25 00:00",242
France,"2025-04-25 12:00",504
France,"2025-04-26 00:00","1,650"
France,"2025-04-26 12:00","1,663"
France,"2025-04-27 00:00",199
France,"2025-04-27 12:00",166
France,"2025-04-28 00:00",158
France,"2025-04-28 12:00",363
France,"2025-04-29 00:00",618
France,"2025-04-29 12:00",200
France,"2025-04-30 00:00",559
France,"2025-04-30 12:00",504
France,"2025-05-01 00:00",233
France,"2025-05-01 12:00",237
France,"2025-05-02 00:00",253
France,"2025-05-02 12:00",313
France,"2025-05-03 00:00",469
France,"2025-05-03 12:00",272
France,"2025-05-04 00:00","1,469"
France,"2025-05-04 12:00","1,666"
France,"2025-05-05 00:00",174
France,"2025-05-05 12:00",267
France,"2025-05-06 00:00",257
France,"2025-05-06 12:00",426
France,"2025-05-07 00:00",308
France,"2025-05-07 12:00",650
France,"2025-05-08 00:00",292
France,"2025-05-08 12:00",328
France,"2025-05-09 00:00",415
France,"2025-05-09 12:00",267
France,"2025-05-10 00:00",306
France,"2025-05-10 12:00",708
France,"2025-05-11 00:00",529
France,"2025-05-11 12:00",217
France,"2025-05-12 00:00",782
France,"2025-05-12 12:00",302
France,"2025-05-13 00:00",292
France,"2025-05-13 12:00",319
France,"2025-05-14 00:00",680
France,"2025-05-14 12:00",269
France,"2025-05-15 00:00",269
France,"2025-05-15 12:00",245
France,"2025-05-16 00:00",281
France,"2025-05-16 12:00",277
France,"2025-05-17 00:00",763
France,"2025-05-17 12:00",255
France,"2025-05-18 00:00","5,990"
France,"2025-05-18 12:00","173,271"
France,"2025-05-19 00:00","166,414"
France,"2025-05-19 12:00",620
France,"2025-05-20 00:00",604
France,"2025-05-20 12:00",474
France,"2025-05-21 00:00",466
France,"2025-05-21 12:00",267
China,"2025-04-23 00:00",865
China,"2025-04-23 12:00","1,536"
China,"2025-04-24 00:00","2,257"
China,"2025-04-24 12:00","3,131"
China,"2025-04-25 00:00","4,807"
China,"2025-04-25 12:00","2,745"
China,"2025-04-26 00:00","2,810"
China,"2025-04-26 12:00","2,645"
China,"2025-04-27 00:00","3,222"
China,"2025-04-27 12:00","2,290"
China,"2025-04-28 00:00","2,616"
China,"2025-04-28 12:00","1,704"
China,"2025-04-29 00:00","1,958"
China,"2025-04-29 12:00","2,478"
China,"2025-04-30 00:00","3,208"
China,"2025-04-30 12:00","2,177"
China,"2025-05-01 00:00","4,496"
China,"2025-05-01 12:00","2,787"
China,"2025-05-02 00:00","3,419"
China,"2025-05-02 12:00","1,613"
China,"2025-05-03 00:00","3,288"
China,"2025-05-03 12:00","10,190"
China,"2025-05-04 00:00","5,151"
China,"2025-05-04 12:00","1,528"
China,"2025-05-05 00:00","2,328"
China,"2025-05-05 12:00","2,626"
China,"2025-05-06 00:00","1,807"
China,"2025-05-06 12:00","1,681"
China,"2025-05-07 00:00","3,008"
China,"2025-05-07 12:00","3,014"
China,"2025-05-08 00:00","2,127"
China,"2025-05-08 12:00","1,379"
China,"2025-05-09 00:00","1,888"
China,"2025-05-09 12:00","2,693"
China,"2025-05-10 00:00","3,228"
China,"2025-05-10 12:00","3,120"
China,"2025-05-11 00:00","2,112"
China,"2025-05-11 12:00","3,242"
China,"2025-05-12 00:00","3,632"
China,"2025-05-12 12:00","1,832"
China,"2025-05-13 00:00","2,392"
China,"2025-05-13 12:00","3,508"
China,"2025-05-14 00:00","2,012"
China,"2025-05-14 12:00","2,131"
China,"2025-05-15 00:00","2,627"
China,"2025-05-15 12:00","3,071"
China,"2025-05-16 00:00","1,834"
China,"2025-05-16 12:00","2,717"
China,"2025-05-17 00:00","4,720"
China,"2025-05-17 12:00","2,351"
China,"2025-05-18 00:00","3,054"
China,"2025-05-18 12:00","2,100"
China,"2025-05-19 00:00","2,345"
China,"2025-05-19 12:00","2,003"
China,"2025-05-20 00:00","1,923"
China,"2025-05-20 12:00","1,224"
China,"2025-05-21 00:00","11,574"
China,"2025-05-21 12:00","1,899"
Chile,"2025-04-23 12:00",2
Chile,"2025-04-25 12:00",1
Chile,"2025-04-27 00:00","4,464"
Chile,"2025-04-28 00:00",5
Chile,"2025-04-29 00:00","5,127"
Chile,"2025-04-29 12:00","1,489"
Chile,"2025-04-30 00:00","3,663"
Chile,"2025-04-30 12:00","15,415"
Chile,"2025-05-01 00:00","35,552"
Chile,"2025-05-01 12:00","46,597"
Chile,"2025-05-02 00:00",3
Chile,"2025-05-02 12:00","10,295"
Chile,"2025-05-03 00:00",4
Chile,"2025-05-03 12:00",1
Chile,"2025-05-04 12:00",1
Chile,"2025-05-05 12:00",3
Chile,"2025-05-06 12:00",5
Chile,"2025-05-08 00:00",1
Chile,"2025-05-09 00:00",3
Chile,"2025-05-11 00:00",3
Chile,"2025-05-11 12:00",2
Chile,"2025-05-12 00:00",1
Chile,"2025-05-13 00:00",1
Chile,"2025-05-13 12:00",1
Chile,"2025-05-14 00:00",2
Chile,"2025-05-14 12:00",15
Chile,"2025-05-15 00:00",182
Chile,"2025-05-15 12:00",1
Chile,"2025-05-17 12:00",2
Chile,"2025-05-18 00:00","2,259"
Chile,"2025-05-19 00:00","2,961"
Chile,"2025-05-19 12:00",1
Chile,"2025-05-20 00:00",1
Chile,"2025-05-21 00:00",1
Chile,"2025-05-21 12:00",3
