"alert.category.keyword: Descending","Timestamp per 12 hours",Attacks
"Misc activity","2025-04-23 00:00","6,157"
"Misc activity","2025-04-23 12:00","12,031"
"Misc activity","2025-04-24 00:00","13,258"
"Misc activity","2025-04-24 12:00","12,772"
"Misc activity","2025-04-25 00:00","16,754"
"Misc activity","2025-04-25 12:00","14,784"
"Misc activity","2025-04-26 00:00","13,829"
"Misc activity","2025-04-26 12:00","12,486"
"Misc activity","2025-04-27 00:00","13,693"
"Misc activity","2025-04-27 12:00","20,626"
"Misc activity","2025-04-28 00:00","20,344"
"Misc activity","2025-04-28 12:00","19,277"
"Misc activity","2025-04-29 00:00","30,644"
"Misc activity","2025-04-29 12:00","37,615"
"Misc activity","2025-04-30 00:00","25,006"
"Misc activity","2025-04-30 12:00","16,057"
"Misc activity","2025-05-01 00:00","28,579"
"Misc activity","2025-05-01 12:00","27,109"
"Misc activity","2025-05-02 00:00","16,582"
"Misc activity","2025-05-02 12:00","16,132"
"Misc activity","2025-05-03 00:00","24,240"
"Misc activity","2025-05-03 12:00","26,604"
"Misc activity","2025-05-04 00:00","16,732"
"Misc activity","2025-05-04 12:00","14,341"
"Misc activity","2025-05-05 00:00","15,735"
"Misc activity","2025-05-05 12:00","19,513"
"Misc activity","2025-05-06 00:00","15,525"
"Misc activity","2025-05-06 12:00","8,685"
"Misc activity","2025-05-07 00:00","12,457"
"Misc activity","2025-05-07 12:00","24,646"
"Misc activity","2025-05-08 00:00","28,057"
"Misc activity","2025-05-08 12:00","11,075"
"Misc activity","2025-05-09 00:00","14,717"
"Misc activity","2025-05-09 12:00","8,093"
"Misc activity","2025-05-10 00:00","9,675"
"Misc activity","2025-05-10 12:00","18,191"
"Misc activity","2025-05-11 00:00","9,474"
"Misc activity","2025-05-11 12:00","13,086"
"Misc activity","2025-05-12 00:00","12,623"
"Misc activity","2025-05-12 12:00","14,470"
"Misc activity","2025-05-13 00:00","13,944"
"Misc activity","2025-05-13 12:00","11,434"
"Misc activity","2025-05-14 00:00","159,796"
"Misc activity","2025-05-14 12:00","171,878"
"Misc activity","2025-05-15 00:00","37,788"
"Misc activity","2025-05-15 12:00","206,151"
"Misc activity","2025-05-16 00:00","177,919"
"Misc activity","2025-05-16 12:00","26,213"
"Misc activity","2025-05-17 00:00","15,051"
"Misc activity","2025-05-17 12:00","7,609"
"Misc activity","2025-05-18 00:00","8,732"
"Misc activity","2025-05-18 12:00","10,928"
"Misc activity","2025-05-19 00:00","10,447"
"Misc activity","2025-05-19 12:00","191,583"
"Misc activity","2025-05-20 00:00","171,202"
"Misc activity","2025-05-20 12:00","32,250"
"Misc activity","2025-05-21 00:00","20,846"
"Misc activity","2025-05-21 12:00","23,170"
"Generic Protocol Command Decode","2025-04-23 00:00",850
"Generic Protocol Command Decode","2025-04-23 12:00","5,988"
"Generic Protocol Command Decode","2025-04-24 00:00","2,148"
"Generic Protocol Command Decode","2025-04-24 12:00","2,686"
"Generic Protocol Command Decode","2025-04-25 00:00","6,188"
"Generic Protocol Command Decode","2025-04-25 12:00","1,794"
"Generic Protocol Command Decode","2025-04-26 00:00","1,799"
"Generic Protocol Command Decode","2025-04-26 12:00","2,623"
"Generic Protocol Command Decode","2025-04-27 00:00","2,377"
"Generic Protocol Command Decode","2025-04-27 12:00","1,573"
"Generic Protocol Command Decode","2025-04-28 00:00","1,976"
"Generic Protocol Command Decode","2025-04-28 12:00","8,563"
"Generic Protocol Command Decode","2025-04-29 00:00","7,913"
"Generic Protocol Command Decode","2025-04-29 12:00","2,335"
"Generic Protocol Command Decode","2025-04-30 00:00","9,050"
"Generic Protocol Command Decode","2025-04-30 12:00","2,756"
"Generic Protocol Command Decode","2025-05-01 00:00","2,725"
"Generic Protocol Command Decode","2025-05-01 12:00","8,961"
"Generic Protocol Command Decode","2025-05-02 00:00","6,153"
"Generic Protocol Command Decode","2025-05-02 12:00","13,473"
"Generic Protocol Command Decode","2025-05-03 00:00","1,713"
"Generic Protocol Command Decode","2025-05-03 12:00","1,456"
"Generic Protocol Command Decode","2025-05-04 00:00","1,578"
"Generic Protocol Command Decode","2025-05-04 12:00","16,792"
"Generic Protocol Command Decode","2025-05-05 00:00","1,779"
"Generic Protocol Command Decode","2025-05-05 12:00","9,377"
"Generic Protocol Command Decode","2025-05-06 00:00","1,851"
"Generic Protocol Command Decode","2025-05-06 12:00","1,354"
"Generic Protocol Command Decode","2025-05-07 00:00","5,434"
"Generic Protocol Command Decode","2025-05-07 12:00","3,701"
"Generic Protocol Command Decode","2025-05-08 00:00","1,660"
"Generic Protocol Command Decode","2025-05-08 12:00","3,577"
"Generic Protocol Command Decode","2025-05-09 00:00","1,690"
"Generic Protocol Command Decode","2025-05-09 12:00","5,483"
"Generic Protocol Command Decode","2025-05-10 00:00","5,574"
"Generic Protocol Command Decode","2025-05-10 12:00","9,640"
"Generic Protocol Command Decode","2025-05-11 00:00","2,050"
"Generic Protocol Command Decode","2025-05-11 12:00","6,298"
"Generic Protocol Command Decode","2025-05-12 00:00","2,694"
"Generic Protocol Command Decode","2025-05-12 12:00","12,313"
"Generic Protocol Command Decode","2025-05-13 00:00","2,299"
"Generic Protocol Command Decode","2025-05-13 12:00","5,386"
"Generic Protocol Command Decode","2025-05-14 00:00","3,068"
"Generic Protocol Command Decode","2025-05-14 12:00","9,761"
"Generic Protocol Command Decode","2025-05-15 00:00","4,882"
"Generic Protocol Command Decode","2025-05-15 12:00","9,752"
"Generic Protocol Command Decode","2025-05-16 00:00","1,758"
"Generic Protocol Command Decode","2025-05-16 12:00","3,362"
"Generic Protocol Command Decode","2025-05-17 00:00","5,708"
"Generic Protocol Command Decode","2025-05-17 12:00","7,361"
"Generic Protocol Command Decode","2025-05-18 00:00","2,472"
"Generic Protocol Command Decode","2025-05-18 12:00","8,917"
"Generic Protocol Command Decode","2025-05-19 00:00","2,124"
"Generic Protocol Command Decode","2025-05-19 12:00","2,497"
"Generic Protocol Command Decode","2025-05-20 00:00","12,168"
"Generic Protocol Command Decode","2025-05-20 12:00","10,714"
"Generic Protocol Command Decode","2025-05-21 00:00","3,945"
"Generic Protocol Command Decode","2025-05-21 12:00","13,024"
"Misc Attack","2025-04-23 00:00","1,893"
"Misc Attack","2025-04-23 12:00","3,440"
"Misc Attack","2025-04-24 00:00","3,764"
"Misc Attack","2025-04-24 12:00","3,319"
"Misc Attack","2025-04-25 00:00","3,996"
"Misc Attack","2025-04-25 12:00","3,182"
"Misc Attack","2025-04-26 00:00","3,597"
"Misc Attack","2025-04-26 12:00","4,603"
"Misc Attack","2025-04-27 00:00","5,476"
"Misc Attack","2025-04-27 12:00","4,644"
"Misc Attack","2025-04-28 00:00","5,179"
"Misc Attack","2025-04-28 12:00","4,252"
"Misc Attack","2025-04-29 00:00","5,245"
"Misc Attack","2025-04-29 12:00","4,142"
"Misc Attack","2025-04-30 00:00","4,972"
"Misc Attack","2025-04-30 12:00","3,072"
"Misc Attack","2025-05-01 00:00","3,469"
"Misc Attack","2025-05-01 12:00","3,342"
"Misc Attack","2025-05-02 00:00","3,758"
"Misc Attack","2025-05-02 12:00","3,154"
"Misc Attack","2025-05-03 00:00","3,537"
"Misc Attack","2025-05-03 12:00","4,982"
"Misc Attack","2025-05-04 00:00","5,767"
"Misc Attack","2025-05-04 12:00","4,763"
"Misc Attack","2025-05-05 00:00","5,468"
"Misc Attack","2025-05-05 12:00","4,494"
"Misc Attack","2025-05-06 00:00","5,132"
"Misc Attack","2025-05-06 12:00","4,660"
"Misc Attack","2025-05-07 00:00","4,866"
"Misc Attack","2025-05-07 12:00","3,181"
"Misc Attack","2025-05-08 00:00","3,540"
"Misc Attack","2025-05-08 12:00","2,696"
"Misc Attack","2025-05-09 00:00","3,392"
"Misc Attack","2025-05-09 12:00","3,300"
"Misc Attack","2025-05-10 00:00","3,416"
"Misc Attack","2025-05-10 12:00","4,503"
"Misc Attack","2025-05-11 00:00","5,334"
"Misc Attack","2025-05-11 12:00","4,641"
"Misc Attack","2025-05-12 00:00","4,834"
"Misc Attack","2025-05-12 12:00","4,013"
"Misc Attack","2025-05-13 00:00","4,811"
"Misc Attack","2025-05-13 12:00","3,266"
"Misc Attack","2025-05-14 00:00","3,357"
"Misc Attack","2025-05-14 12:00","2,356"
"Misc Attack","2025-05-15 00:00","2,551"
"Misc Attack","2025-05-15 12:00","2,763"
"Misc Attack","2025-05-16 00:00","3,012"
"Misc Attack","2025-05-16 12:00","3,420"
"Misc Attack","2025-05-17 00:00","3,755"
"Misc Attack","2025-05-17 12:00","4,943"
"Misc Attack","2025-05-18 00:00","5,859"
"Misc Attack","2025-05-18 12:00","4,826"
"Misc Attack","2025-05-19 00:00","5,035"
"Misc Attack","2025-05-19 12:00","4,226"
"Misc Attack","2025-05-20 00:00","4,798"
"Misc Attack","2025-05-20 12:00","4,332"
"Misc Attack","2025-05-21 00:00","4,860"
"Misc Attack","2025-05-21 12:00","2,991"
"Attempted Information Leak","2025-04-23 00:00",658
"Attempted Information Leak","2025-04-23 12:00","2,264"
"Attempted Information Leak","2025-04-24 00:00","2,090"
"Attempted Information Leak","2025-04-24 12:00","2,511"
"Attempted Information Leak","2025-04-25 00:00","3,337"
"Attempted Information Leak","2025-04-25 12:00","2,603"
"Attempted Information Leak","2025-04-26 00:00","1,526"
"Attempted Information Leak","2025-04-26 12:00","2,997"
"Attempted Information Leak","2025-04-27 00:00","2,773"
"Attempted Information Leak","2025-04-27 12:00","1,315"
"Attempted Information Leak","2025-04-28 00:00","1,748"
"Attempted Information Leak","2025-04-28 12:00","5,072"
"Attempted Information Leak","2025-04-29 00:00","2,198"
"Attempted Information Leak","2025-04-29 12:00","4,103"
"Attempted Information Leak","2025-04-30 00:00","2,343"
"Attempted Information Leak","2025-04-30 12:00","1,813"
"Attempted Information Leak","2025-05-01 00:00","3,594"
"Attempted Information Leak","2025-05-01 12:00","3,113"
"Attempted Information Leak","2025-05-02 00:00","2,362"
"Attempted Information Leak","2025-05-02 12:00","2,308"
"Attempted Information Leak","2025-05-03 00:00","1,993"
"Attempted Information Leak","2025-05-03 12:00","2,325"
"Attempted Information Leak","2025-05-04 00:00","1,973"
"Attempted Information Leak","2025-05-04 12:00","1,980"
"Attempted Information Leak","2025-05-05 00:00","1,832"
"Attempted Information Leak","2025-05-05 12:00","2,083"
"Attempted Information Leak","2025-05-06 00:00","2,268"
"Attempted Information Leak","2025-05-06 12:00","2,371"
"Attempted Information Leak","2025-05-07 00:00","1,830"
"Attempted Information Leak","2025-05-07 12:00","1,337"
"Attempted Information Leak","2025-05-08 00:00","1,416"
"Attempted Information Leak","2025-05-08 12:00","1,225"
"Attempted Information Leak","2025-05-09 00:00","1,644"
"Attempted Information Leak","2025-05-09 12:00","1,396"
"Attempted Information Leak","2025-05-10 00:00","1,437"
"Attempted Information Leak","2025-05-10 12:00","1,638"
"Attempted Information Leak","2025-05-11 00:00","1,839"
"Attempted Information Leak","2025-05-11 12:00","2,265"
"Attempted Information Leak","2025-05-12 00:00","2,538"
"Attempted Information Leak","2025-05-12 12:00","2,400"
"Attempted Information Leak","2025-05-13 00:00","3,211"
"Attempted Information Leak","2025-05-13 12:00","2,833"
"Attempted Information Leak","2025-05-14 00:00","2,696"
"Attempted Information Leak","2025-05-14 12:00","3,818"
"Attempted Information Leak","2025-05-15 00:00","2,590"
"Attempted Information Leak","2025-05-15 12:00","1,963"
"Attempted Information Leak","2025-05-16 00:00","1,838"
"Attempted Information Leak","2025-05-16 12:00","5,266"
"Attempted Information Leak","2025-05-17 00:00","2,544"
"Attempted Information Leak","2025-05-17 12:00","2,361"
"Attempted Information Leak","2025-05-18 00:00","1,623"
"Attempted Information Leak","2025-05-18 12:00","1,689"
"Attempted Information Leak","2025-05-19 00:00","1,521"
"Attempted Information Leak","2025-05-19 12:00","1,700"
"Attempted Information Leak","2025-05-20 00:00","2,133"
"Attempted Information Leak","2025-05-20 12:00","2,007"
"Attempted Information Leak","2025-05-21 00:00","6,560"
"Attempted Information Leak","2025-05-21 12:00","16,601"
"Attempted Administrator Privilege Gain","2025-04-23 00:00","4,223"
"Attempted Administrator Privilege Gain","2025-04-23 12:00","7,828"
"Attempted Administrator Privilege Gain","2025-04-24 00:00","2,868"
"Attempted Administrator Privilege Gain","2025-04-24 12:00","8,239"
"Attempted Administrator Privilege Gain","2025-04-25 00:00","4,529"
"Attempted Administrator Privilege Gain","2025-04-25 12:00","6,120"
"Attempted Administrator Privilege Gain","2025-04-26 00:00","3,138"
"Attempted Administrator Privilege Gain","2025-04-26 12:00",60
"Attempted Administrator Privilege Gain","2025-04-27 00:00","3,123"
"Attempted Administrator Privilege Gain","2025-04-27 12:00",241
"Attempted Administrator Privilege Gain","2025-04-28 00:00","1,954"
"Attempted Administrator Privilege Gain","2025-04-28 12:00","1,019"
"Attempted Administrator Privilege Gain","2025-04-29 00:00","2,802"
"Attempted Administrator Privilege Gain","2025-04-29 12:00","6,193"
"Attempted Administrator Privilege Gain","2025-04-30 00:00","1,773"
"Attempted Administrator Privilege Gain","2025-04-30 12:00","1,779"
"Attempted Administrator Privilege Gain","2025-05-01 00:00",115
"Attempted Administrator Privilege Gain","2025-05-01 12:00",90
"Attempted Administrator Privilege Gain","2025-05-02 00:00",127
"Attempted Administrator Privilege Gain","2025-05-02 12:00","2,150"
"Attempted Administrator Privilege Gain","2025-05-03 00:00","4,271"
"Attempted Administrator Privilege Gain","2025-05-03 12:00","2,794"
"Attempted Administrator Privilege Gain","2025-05-04 00:00",198
"Attempted Administrator Privilege Gain","2025-05-04 12:00",174
"Attempted Administrator Privilege Gain","2025-05-05 00:00","4,399"
"Attempted Administrator Privilege Gain","2025-05-05 12:00","1,580"
"Attempted Administrator Privilege Gain","2025-05-06 00:00","1,586"
"Attempted Administrator Privilege Gain","2025-05-06 12:00","4,380"
"Attempted Administrator Privilege Gain","2025-05-07 00:00",113
"Attempted Administrator Privilege Gain","2025-05-07 12:00","5,222"
"Attempted Administrator Privilege Gain","2025-05-08 00:00","1,548"
"Attempted Administrator Privilege Gain","2025-05-08 12:00","4,967"
"Attempted Administrator Privilege Gain","2025-05-09 00:00","1,881"
"Attempted Administrator Privilege Gain","2025-05-09 12:00","1,705"
"Attempted Administrator Privilege Gain","2025-05-10 00:00","2,821"
"Attempted Administrator Privilege Gain","2025-05-10 12:00",139
"Attempted Administrator Privilege Gain","2025-05-11 00:00","1,400"
"Attempted Administrator Privilege Gain","2025-05-11 12:00","3,291"
"Attempted Administrator Privilege Gain","2025-05-12 00:00",314
"Attempted Administrator Privilege Gain","2025-05-12 12:00","3,064"
"Attempted Administrator Privilege Gain","2025-05-13 00:00","4,688"
"Attempted Administrator Privilege Gain","2025-05-13 12:00",818
"Attempted Administrator Privilege Gain","2025-05-14 00:00","1,505"
"Attempted Administrator Privilege Gain","2025-05-14 12:00","4,898"
"Attempted Administrator Privilege Gain","2025-05-15 00:00",261
"Attempted Administrator Privilege Gain","2025-05-15 12:00","7,515"
"Attempted Administrator Privilege Gain","2025-05-16 00:00","1,995"
"Attempted Administrator Privilege Gain","2025-05-16 12:00",111
"Attempted Administrator Privilege Gain","2025-05-17 00:00",113
"Attempted Administrator Privilege Gain","2025-05-17 12:00","5,582"
"Attempted Administrator Privilege Gain","2025-05-18 00:00",456
"Attempted Administrator Privilege Gain","2025-05-18 12:00","1,489"
"Attempted Administrator Privilege Gain","2025-05-19 00:00","1,424"
"Attempted Administrator Privilege Gain","2025-05-19 12:00",199
"Attempted Administrator Privilege Gain","2025-05-20 00:00","4,424"
"Attempted Administrator Privilege Gain","2025-05-20 12:00","2,951"
"Attempted Administrator Privilege Gain","2025-05-21 00:00","2,425"
"Attempted Administrator Privilege Gain","2025-05-21 12:00","11,642"
